Workbook

Sheet Modules
A1: Module Code | B1: Module Name | C1: Module Year | D1: Module Term | E1: Programme Code | F1: Stream Code | G1: Enrollment Student Number | H1: Actual Student Number | I1: Proposed Teacher | J1: Teaching Status
A2: HD401 | B2: Introduction to Academic English (CEF) | C2: Y1 | D2: Sep | E2: HDBA | G2: 20 | H2: 10 | I2: =VLOOKUP($A2,Sheet1!$E:$I,4,0) -> Mr Ray Leung | J2: =VLOOKUP($A2,Sheet1!$E:$I,5,0) -> PT
A3: HD401 | B3: Introduction to Academic English (CEF) | C3: Y1 | D3: Sep | E3: HDC | G3: =G2 -> 20 | H3: =H2 -> 10 | I3: =VLOOKUP($A3,Sheet1!$E:$I,4,0) -> Mr Ray Leung | J3: =VLOOKUP($A3,Sheet1!$E:$I,5,0) -> PT
A4: HD401 | B4: Introduction to Academic English (CEF) | C4: Y1 | D4: Sep | E4: HDCI | G4: =G3 -> 20 | H4: =H3 -> 10 | I4: =VLOOKUP($A4,Sheet1!$E:$I,4,0) -> Mr Ray Leung | J4: =VLOOKUP($A4,Sheet1!$E:$I,5,0) -> PT
A5: HD401 | B5: Introduction to Academic English (CEF) | C5: Y1 | D5: Sep | E5: HDEE | G5: =G4 -> 20 | H5: =H4 -> 10 | I5: =VLOOKUP($A5,Sheet1!$E:$I,4,0) -> Mr Ray Leung | J5: =VLOOKUP($A5,Sheet1!$E:$I,5,0) -> PT
A6: HD401 | B6: Introduction to Academic English (CEF) | C6: Y1 | D6: Sep | E6: HDHC | G6: =G5 -> 20 | H6: =H5 -> 10 | I6: =VLOOKUP($A6,Sheet1!$E:$I,4,0) -> Mr Ray Leung | J6: =VLOOKUP($A6,Sheet1!$E:$I,5,0) -> PT
A7: HD404 | B7: Professional Ethics | C7: Y2 | D7: Sep | E7: HDBA | G7: =G6 -> 20 | H7: =H6 -> 10 | I7: =VLOOKUP($A7,Sheet1!$E:$I,4,0) -> Mr Walter Chan | J7: =VLOOKUP($A7,Sheet1!$E:$I,5,0) -> FT
A8: HD404 | B8: Professional Ethics | C8: Y2 | D8: Sep | E8: HDC | G8: =G7 -> 20 | H8: =H7 -> 10 | I8: =VLOOKUP($A8,Sheet1!$E:$I,4,0) -> Mr Walter Chan | J8: =VLOOKUP($A8,Sheet1!$E:$I,5,0) -> FT
A9: HD404 | B9: Professional Ethics | C9: Y2 | D9: Sep | E9: HDCI | G9: =G8 -> 20 | H9: =H8 -> 10 | I9: =VLOOKUP($A9,Sheet1!$E:$I,4,0) -> Mr Walter Chan | J9: =VLOOKUP($A9,Sheet1!$E:$I,5,0) -> FT
A10: HD404 | B10: Professional Ethics | C10: Y2 | D10: Sep | E10: HDEE | G10: =G9 -> 20 | H10: =H9 -> 10 | I10: =VLOOKUP($A10,Sheet1!$E:$I,4,0) -> Mr Walter Chan | J10: =VLOOKUP($A10,Sheet1!$E:$I,5,0) -> FT
A11: HD404 | B11: Professional Ethics | C11: Y2 | D11: Sep | E11: HDHC | G11: =G10 -> 20 | H11: =H10 -> 10 | I11: =VLOOKUP($A11,Sheet1!$E:$I,4,0) -> Mr Walter Chan | J11: =VLOOKUP($A11,Sheet1!$E:$I,5,0) -> FT
A12: HD402 | B12: Practical Chinese (CEF) | C12: Y1 | D12: Feb | E12: HDBA | G12: =G11 -> 20 | H12: =H11 -> 10 | I12: =VLOOKUP($A12,Sheet1!$E:$I,4,0) -> Mr Alan Ho | J12: =VLOOKUP($A12,Sheet1!$E:$I,5,0) -> FT
A13: HD402 | B13: Practical Chinese (CEF) | C13: Y1 | D13: Feb | E13: HDC | G13: =G12 -> 20 | H13: =H12 -> 10 | I13: =VLOOKUP($A13,Sheet1!$E:$I,4,0) -> Mr Alan Ho | J13: =VLOOKUP($A13,Sheet1!$E:$I,5,0) -> FT
A14: HD402 | B14: Practical Chinese (CEF) | C14: Y1 | D14: Feb | E14: HDCI | G14: =G13 -> 20 | H14: =H13 -> 10 | I14: =VLOOKUP($A14,Sheet1!$E:$I,4,0) -> Mr Alan Ho | J14: =VLOOKUP($A14,Sheet1!$E:$I,5,0) -> FT
... A17: HD403 | B17: Project Skills | C17: Y2 | D17: Feb | E17: HDBA | G17: =G16 -> 20 | H17: =H16 -> 10 | I17: =VLOOKUP($A17,Sheet1!$E:$I,4,0) -> Mr Walter Chan | J17: =VLOOKUP($A17,Sheet1!$E:$I,5,0) -> FT
A18: HD403_HDC | B18: Project Skills | C18: Y2 | D18: Feb | E18: HDC | G18: =G17 -> 20 | H18: =H17 -> 10 | I18: Dr HK Ng | J18: FT
A19: HD403 | B19: Project Skills | C19: Y2 | D19: Feb | E19: HDCI | G19: =G18 -> 20 | H19: =H18 -> 10 | I19: =VLOOKUP($A19,Sheet1!$E:$I,4,0) -> Mr Walter Chan | J19: =VLOOKUP($A19,Sheet1!$E:$I,5,0) -> FT
A20: HD403 | B20: Project Skills | C20: Y2 | D20: Feb | E20: HDEE | G20: =G19 -> 20 | H20: =H19 -> 10 | I20: =VLOOKUP($A20,Sheet1!$E:$I,4,0) -> Mr Walter Chan | J20: =VLOOKUP($A20,Sheet1!$E:$I,5,0) -> FT
A21: HD403 | B21: Project Skills | C21: Y2 | D21: Feb | E21: HDHC | G21: =G20 -> 20 | H21: =H20 -> 10 | I21: =VLOOKUP($A21,Sheet1!$E:$I,4,0) -> Mr Walter Chan | J21: =VLOOKUP($A21,Sheet1!$E:$I,5,0) -> FT
A22: HD405 | B22: English for Communication in Workplace | C22: Y2 | D22: Feb | E22: HDBA | G22: =G21 -> 20 | H22: =H21 -> 10 | I22: =VLOOKUP($A22,Sheet1!$E:$I,4,0) -> Mr Richard Cheng | J22: =VLOOKUP($A22,Sheet1!$E:$I,5,0) -> PT
A23: HD405 | B23: English for Communication in Workplace | C23: Y2 | D23: Feb | E23: HDC | G23: =G22 -> 20 | H23: =H22 -> 10 | I23: =VLOOKUP($A23,Sheet1!$E:$I,4,0) -> Mr Richard Cheng | J23: =VLOOKUP($A23,Sheet1!$E:$I,5,0) -> PT
A24: HD405 | B24: English for Communication in Workplace | C24: Y2 | D24: Feb | E24: HDCI | G24: =G23 -> 20 | H24: =H23 -> 10 | I24: =VLOOKUP($A24,Sheet1!$E:$I,4,0) -> Mr Richard Cheng | J24: =VLOOKUP($A24,Sheet1!$E:$I,5,0) -> PT
A25: HD405 | B25: English for Communication in Workplace | C25: Y2 | D25: Feb | E25: HDEE | G25: =G24 -> 20 | H25: =H24 -> 10 | I25: =VLOOKUP($A25,Sheet1!$E:$I,4,0) -> Mr Richard Cheng | J25: =VLOOKUP($A25,Sheet1!$E:$I,5,0) -> PT
A26: HD405 | B26: English for Communication in Workplace | C26: Y2 | D26: Feb | E26: HDHC | G26: =G25 -> 20 | H26: =H25 -> 10 | I26: =VLOOKUP($A26,Sheet1!$E:$I,4,0) -> Mr Richard Cheng | J26: =VLOOKUP($A26,Sheet1!$E:$I,5,0) -> PT
A27: CS402 | B27: Programming Principles | C27: Y1 | D27: Sep | E27: HDC | G27: =G26 -> 20 | H27: =H26 -> 10 | I27: =VLOOKUP($A27,Sheet1!$E:$I,4,0) -> Mr. Mike Wong | J27: =VLOOKUP($A27,Sheet1!$E:$I,5,0) -> FT
A28: CS416 | B28: Computing | C28: Y1 | D28: Sep | E28: HDC | G28: =G27 -> 20 | H28: =H27 -> 10 | I28: =VLOOKUP($A28,Sheet1!$E:$I,4,0) -> Ms. Jo Hugn | J28: =VLOOKUP($A28,Sheet1!$E:$I,5,0) -> FT
A29: GS407 | B29: Mathematics for Computer Science | C29: Y1 | D29: Sep | E29: HDC | G29: =G28 -> 20 | H29: =H28 -> 10 | I29: =VLOOKUP($A29,Sheet1!$E:$I,4,0) -> Dr Kenneth So | J29: =VLOOKUP($A29,Sheet1!$E:$I,5,0) -> FT
A30: EE403 | B30: Electrical Engineering Principles | C30: Y1 | D30: Sep | E30: HDEE | G30: =G29 -> 20 | H30: =H29 -> 10 | I30: =VLOOKUP($A30,Sheet1!$E:$I,4,0) -> Dr Kenneth So | J30: =VLOOKUP($A30,Sheet1!$E:$I,5,0) -> FT
A31: EE409 | B31: Engineering Mathematics | C31: Y1 | D31: Sep | E31: HDEE | G31: =G30 -> 20 | H31: =H30 -> 10 | I31: =VLOOKUP($A31,Sheet1!$E:$I,4,0) -> Dr Kenneth So | J31: =VLOOKUP($A31,Sheet1!$E:$I,5,0) -> FT
A32: CS403 | B32: Introduction to Networks and Computer Security | C32: Y1 | D32: Feb | E32: HDC | F32: Cyber Security | G32: =G31 -> 20 | H32: =H31 -> 10 | I32: =VLOOKUP($A32,Sheet1!$E:$I,4,0) -> Mr. Yuman Chau | J32: =VLOOKUP($A32,Sheet1!$E:$I,5,0) -> PT
A33: CS426 | B33: Data Communications | C33: Y1 | D33: Feb | E33: HDC | F33: Information Systems | G33: =G32 -> 20 | H33: =H32 -> 10 | I33: =VLOOKUP($A33,Sheet1!$E:$I,4,0) -> Mr. Yuman Chau | J33: =VLOOKUP($A33,Sheet1!$E:$I,5,0) -> PT
A34: CS425 | B34: Systems Engineering and Project Management | C34: Y1 | D34: Feb | E34: HDC | F34: Artificial Intelligence | G34: =G33 -> 20 | H34: =H33 -> 10 | I34: =VLOOKUP($A34,Sheet1!$E:$I,4,0) -> Mr. Gary Chan | J34: =VLOOKUP($A34,Sheet1!$E:$I,5,0) -> 0
A35: CS404 | B35: Database Systems | C35: Y1 | D35: Feb | E35: HDC | G35: =G34 -> 20 | H35: =H34 -> 10 | I35: =VLOOKUP($A35,Sheet1!$E:$I,4,0) -> Mr. Mike Wong | J35: =VLOOKUP($A35,Sheet1!$E:$I,5,0) -> FT
A36: CS405 | B36: Data Structures and Algorithms | C36: Y1 | D36: Feb | E36: HDC | G36: =G35 -> 20 | H36: =H35 -> 10 | I36: =VLOOKUP($A36,Sheet1!$E:$I,4,0) -> Mr. Mike Wong | J36: =VLOOKUP($A36,Sheet1!$E:$I,5,0) -> FT
A37: EE402 | B37: Circuit Analysis | C37: Y1 | D37: Feb | E37: HDEE | G37: =G36 -> 20 | H37: =H36 -> 10 | I37: =VLOOKUP($A37,Sheet1!$E:$I,4,0) -> Dr Kenneth So | J37: =VLOOKUP($A37,Sheet1!$E:$I,5,0) -> FT
A38: EE410 | B38: Energy and Power | C38: Y2 | D38: Feb | E38: HDEE | G38: =G37 -> 20 | H38: =H37 -> 10 | I38: =VLOOKUP($A38,Sheet1!$E:$I,4,0) -> Dr Kenneth So | J38: =VLOOKUP($A38,Sheet1!$E:$I,5,0) -> FT
A39: EE406 | B39: Occupation Safety and Site Supervision | C39: Y2 | D39: Jun | E39: HDEE | G39: =G38 -> 20 | H39: =H38 -> 10 | I39: =VLOOKUP($A39,Sheet1!$E:$I,4,0) -> TBC | J39: =VLOOKUP($A39,Sheet1!$E:$I,5,0) -> PT
A40: CS401 | B40: Computational Theory | C40: Y2 | D40: Sep | E40: HDC | G40: =G39 -> 20 | H40: =H39 -> 10 | I40: =VLOOKUP($A40,Sheet1!$E:$I,4,0) -> Mr. Mike Wong | J40: =VLOOKUP($A40,Sheet1!$E:$I,5,0) -> FT
A41: CS407 | B41: Applied Cryptography | C41: Y2 | D41: Sep | E41: HDC | F41: Cyber Security | G41: =G40 -> 20 | H41: =H40 -> 10 | I41: =VLOOKUP($A41,Sheet1!$E:$I,4,0) -> Mr. Ben Wong | J41: =VLOOKUP($A41,Sheet1!$E:$I,5,0) -> PT
A42: CS420 | B42: Programming Language Paradigms | C42: Y2 | D42: Sep | E42: HDC | F42: Information Systems | G42: =G41 -> 20 | H42: =H41 -> 10 | I42: =VLOOKUP($A42,Sheet1!$E:$I,4,0) -> TBC | J42: =VLOOKUP($A42,Sheet1!$E:$I,5,0) -> PT
A43: CS408 | B43: Artificial Intelligence | C43: Y2 | D43: Sep | E43: HDC | F43: Cyber Security | G43: =G42 -> 20 | H43: =H42 -> 10 | I43: =VLOOKUP($A43,Sheet1!$E:$I,4,0) -> Dr HK Ng | J43: =VLOOKUP($A43,Sheet1!$E:$I,5,0) -> FT
A44: CS408 | B44: Artificial Intelligence | C44: Y2 | D44: Sep | E44: HDC | F44: Information Systems | G44: =G43 -> 20 | H44: =H43 -> 10 | I44: =VLOOKUP($A44,Sheet1!$E:$I,4,0) -> Dr HK Ng | J44: =VLOOKUP($A44,Sheet1!$E:$I,5,0) -> FT
A45: CS423 | B45: Cloud, Distributed Architecture | C45: Y2 | D45: Sep | E45: HDC | F45: Artificial Intelligence | G45: =G44 -> 20 | H45: =H44 -> 10 | I45: =VLOOKUP($A45,Sheet1!$E:$I,4,0) -> TBC | J45: =VLOOKUP($A45,Sheet1!$E:$I,5,0) -> PT
A46: CS422 | B46: Fundamental of Machine Learning | C46: Y2 | D46: Sep | E46: HDC | F46: Artificial Intelligence | G46: =G45 -> 20 | H46: =H45 -> 10 | I46: =VLOOKUP($A46,Sheet1!$E:$I,4,0) -> Dr Jonathan Lee | J46: =VLOOKUP($A46,Sheet1!$E:$I,5,0) -> PT
A47: CS408_EE | B47: Artificial Intelligence | C47: Y1 | D47: Sep | E47: HDEE | G47: =G46 -> 20 | H47: =H46 -> 10 | I47: =VLOOKUP($A47,Sheet1!$E:$I,4,0) -> Dr HK Ng | J47: =VLOOKUP($A47,Sheet1!$E:$I,5,0) -> FT
A48: EE401 | B48: Analogue and Digital Electronics | C48: Y2 | D48: Sep | E48: HDEE | G48: =G47 -> 20 | H48: =H47 -> 10 | I48: =VLOOKUP($A48,Sheet1!$E:$I,4,0) -> TBC | J48: =VLOOKUP($A48,Sheet1!$E:$I,5,0) -> PT
A49: EE404 | B49: Electrical Installations | C49: Y2 | D49: Sep | E49: HDEE | G49: =G48 -> 20 | H49: =H48 -> 10 | I49: =VLOOKUP($A49,Sheet1!$E:$I,4,0) -> TBC | J49: =VLOOKUP($A49,Sheet1!$E:$I,5,0) -> PT
A50: CS406 | B50: Web and Mobile Application Security | C50: Y2 | D50: Feb | E50: HDC | F50: Cyber Security | G50: =G49 -> 20 | H50: =H49 -> 10 | I50: =VLOOKUP($A50,Sheet1!$E:$I,4,0) -> Mr. Eric Moy | J50: =VLOOKUP($A50,Sheet1!$E:$I,5,0) -> PT
A51: CS417 | B51: Introduction to Ethical Hacking Skills | C51: Y2 | D51: Feb | E51: HDC | F51: Cyber Security | G51: =G50 -> 20 | H51: =H50 -> 10 | I51: =VLOOKUP($A51,Sheet1!$E:$I,4,0) -> Mr. Eric Moy | J51: =VLOOKUP($A51,Sheet1!$E:$I,5,0) -> PT
A52: CS414 | B52: Internet and Mobile App Development | C52: Y2 | D52: Feb | E52: HDC | F52: Information Systems | G52: =G51 -> 20 | H52: =H51 -> 10 | I52: =VLOOKUP($A52,Sheet1!$E:$I,4,0) -> Dr HK Ng | J52: =VLOOKUP($A52,Sheet1!$E:$I,5,0) -> PT
A53: CS421 | B53: Advanced Algorithms | C53: Y2 | D53: Feb | E53: HDC | F53: Information Systems | G53: =G52 -> 20 | H53: =H52 -> 10 | I53: =VLOOKUP($A53,Sheet1!$E:$I,4,0) -> TBC | J53: =VLOOKUP($A53,Sheet1!$E:$I,5,0) -> PT
A54: CS424 | B54: Secure Software Development | C54: Y2 | D54: Feb | E54: HDC | F54: Artificial Intelligence | G54: =G53 -> 20 | H54: =H53 -> 10 | I54: =VLOOKUP($A54,Sheet1!$E:$I,4,0) -> Mr. Ben Wong | J54: =VLOOKUP($A54,Sheet1!$E:$I,5,0) -> PT
A55: CS427 | B55: Machine Learning | C55: Y2 | D55: Feb | E55: HDC | F55: Artificial Intelligence | G55: =G54 -> 20 | H55: =H54 -> 10 | I55: =VLOOKUP($A55,Sheet1!$E:$I,4,0) -> Dr HK Ng | J55: =VLOOKUP($A55,Sheet1!$E:$I,5,0) -> FT
A56: EE405 | B56: Transformers and Electrical Machines | C56: Y1 | D56: Feb | E56: HDEE | G56: =G55 -> 20 | H56: =H55 -> 10 | I56: =VLOOKUP($A56,Sheet1!$E:$I,4,0) -> TBC | J56: =VLOOKUP($A56,Sheet1!$E:$I,5,0) -> PT
A57: CS404_EE | B57: Database Systems | C57: Y1 | D57: Feb | E57: HDEE | G57: =G56 -> 20 | H57: =H56 -> 10 | I57: =VLOOKUP($A57,Sheet1!$E:$I,4,0) -> Mr. Mike Wong | J57: =VLOOKUP($A57,Sheet1!$E:$I,5,0) -> FT
A58: EE411 | B58: Engineering Projects | C58: Y2 | D58: Feb | E58: HDEE | G58: =G57 -> 20 | H58: =H57 -> 10 | I58: =VLOOKUP($A58,Sheet1!$E:$I,4,0) -> TBC | J58: =VLOOKUP($A58,Sheet1!$E:$I,5,0) -> PT
A59: EE408 | B59: CAD & BIM | C59: Y1 | D59: Jun | E59: HDEE | G59: =G58 -> 20 | H59: =H58 -> 10 | I59: =VLOOKUP($A59,Sheet1!$E:$I,4,0) -> TBC | J59: =VLOOKUP($A59,Sheet1!$E:$I,5,0) -> PT
A60: EE407 | B60: Practical Electrical Training | C60: Y2 | D60: Jun | E60: HDEE | G60: =G59 -> 20 | H60: =H59 -> 10 | I60: =VLOOKUP($A60,Sheet1!$E:$I,4,0) -> TBC | J60: =VLOOKUP($A60,Sheet1!$E:$I,5,0) -> PT
A61: BS401 | B61: Marketing | C61: Y1 | D61: Sep | E61: HDBA | G61: =G60 -> 20 | H61: =H60 -> 10 | I61: =VLOOKUP($A61,Sheet1!$E:$I,4,0) -> Ms. Nicola Chow | J61: =VLOOKUP($A61,Sheet1!$E:$I,5,0) -> FT
A62: BS402 | B62: Leadership | C62: Y1 | D62: Sep | E62: HDBA | G62: =G61 -> 20 | H62: =H61 -> 10 | I62: =VLOOKUP($A62,Sheet1!$E:$I,4,0) -> Mr. Anderson Chui | J62: =VLOOKUP($A62,Sheet1!$E:$I,5,0) -> PT
A63: BS403 | B63: Management of Organisational Behaviour | C63: Y1 | D63: Sep | E63: HDBA | G63: =G62 -> 20 | H63: =H62 -> 10 | I63: =VLOOKUP($A63,Sheet1!$E:$I,4,0) -> Mr. Newman Lo | J63: =VLOOKUP($A63,Sheet1!$E:$I,5,0) -> PT
A64: BS404 | B64: Accounting | C64: Y2 | D64: Sep | E64: HDBA | G64: =G63 -> 20 | H64: =H63 -> 10 | I64: =VLOOKUP($A64,Sheet1!$E:$I,4,0) -> TBC | J64: =VLOOKUP($A64,Sheet1!$E:$I,5,0) -> PT
A65: BS405 | B65: Management | C65: Y2 | D65: Sep | E65: HDBA | G65: =G64 -> 20 | H65: =H64 -> 10 | I65: =VLOOKUP($A65,Sheet1!$E:$I,4,0) -> Dr Alphaeus Tam | J65: =VLOOKUP($A65,Sheet1!$E:$I,5,0) -> FT
A66: BS412 | B66: Business Planning | C66: Y2 | D66: Sep | E66: HDBA | F66: Management | G66: =G65 -> 20 | H66: =H65 -> 10 | I66: =VLOOKUP($A66,Sheet1!$E:$I,4,0) -> Mr. Newman Lo | J66: =VLOOKUP($A66,Sheet1!$E:$I,5,0) -> PT
A67: GS420 | B67: Sustainable Business | C67: Y1 | D67: Feb | E67: HDBA | G67: =G66 -> 20 | H67: =H66 -> 10 | I67: =VLOOKUP($A67,Sheet1!$E:$I,4,0) -> Dr Alphaeus Tam | J67: =VLOOKUP($A67,Sheet1!$E:$I,5,0) -> FT
A68: BS406 | B68: Economics | C68: Y1 | D68: Feb | E68: HDBA | G68: =G67 -> 20 | H68: =H67 -> 10 | I68: =VLOOKUP($A68,Sheet1!$E:$I,4,0) -> Dr Alphaeus Tam | J68: =VLOOKUP($A68,Sheet1!$E:$I,5,0) -> FT
A69: BS414 | B69: Human Resources Management | C69: Y1 | D69: Feb | E69: HDBA | F69: Management | G69: =G68 -> 20 | H69: =H68 -> 10 | I69: =VLOOKUP($A69,Sheet1!$E:$I,4,0) -> Mr. Anderson Chui | J69: =VLOOKUP($A69,Sheet1!$E:$I,5,0) -> PT
A70: BS418 | B70: Contemporary Business Issues | C70: Y2 | D70: Feb | E70: HDBA | F70: Management | G70: =G69 -> 20 | H70: =H69 -> 10 | I70: =VLOOKUP($A70,Sheet1!$E:$I,4,0) -> Mr. Newman Lo | J70: =VLOOKUP($A70,Sheet1!$E:$I,5,0) -> PT
A71: BS419 | B71: Business Negotiation | C71: Y2 | D71: Feb | E71: HDBA | F71: Management | G71: =G70 -> 20 | H71: =H70 -> 10 | I71: =VLOOKUP($A71,Sheet1!$E:$I,4,0) -> Ms Nicola Chow | J71: =VLOOKUP($A71,Sheet1!$E:$I,5,0) -> FT
A72: HC420 | B72: Introduction to Health and Wellbeing and Services for the Elderly and Persons with Disabilities (HW1) | C72: Y1 | D72: Sep | E72: HDHC | G72: =G71 -> 20 | H72: =H71 -> 10 | I72: =VLOOKUP($A72,Sheet1!$E:$I,4,0) -> Mr. Philip Chan | J72: =VLOOKUP($A72,Sheet1!$E:$I,5,0) -> FT
A73: HC421 | B73: Understanding of Body System, Common Chronic Conditions and Basic Nursing Care (HW2) | C73: Y1 | D73: Sep | E73: HDHC | G73: =G72 -> 20 | H73: =H72 -> 10 | I73: =VLOOKUP($A73,Sheet1!$E:$I,4,0) -> TBC | J73: =VLOOKUP($A73,Sheet1!$E:$I,5,0) -> PT
A74: HC427 | B74: Introduction to Health Assessment | C74: Y1 | D74: Sep | E74: HDHC | G74: =G73 -> 20 | H74: =H73 -> 10 | I74: =VLOOKUP($A74,Sheet1!$E:$I,4,0) -> TBC | J74: =VLOOKUP($A74,Sheet1!$E:$I,5,0) -> PT
A75: HC429 | B75: Rehabilitation Principles and Designing Exercise Training Activities | C75: Y2 | D75: Sep | E75: HDHC | G75: =G74 -> 20 | H75: =H74 -> 10 | I75: =VLOOKUP($A75,Sheet1!$E:$I,4,0) -> TBC | J75: =VLOOKUP($A75,Sheet1!$E:$I,5,0) -> PT
A76: HC425 | B76: Application of Multimedia in Health Promotion | C76: Y2 | D76: Sep | E76: HDHC | G76: =G75 -> 20 | H76: =H75 -> 10 | I76: =VLOOKUP($A76,Sheet1!$E:$I,4,0) -> TBC | J76: =VLOOKUP($A76,Sheet1!$E:$I,5,0) -> PT
A77: HC422 | B77: Psychological and Mental Conditions Care (HW3) | C77: Y1 | D77: Feb | E77: HDHC | G77: =G76 -> 20 | H77: =H76 -> 10 | I77: =VLOOKUP($A77,Sheet1!$E:$I,4,0) -> TBC | J77: =VLOOKUP($A77,Sheet1!$E:$I,5,0) -> PT
A78: HC423 | B78: Advanced Nursing Care and Basic Operation (HW4) | C78: Y1 | D78: Feb | E78: HDHC | G78: =G77 -> 20 | H78: =H77 -> 10 | I78: =VLOOKUP($A78,Sheet1!$E:$I,4,0) -> Mr. Philip Chan | J78: =VLOOKUP($A78,Sheet1!$E:$I,5,0) -> FT
A79: HC428 | B79: Mental Health and Wellbeing Across the Lifespan | C79: Y1 | D79: Feb | E79: HDHC | G79: =G78 -> 20 | H79: =H78 -> 10 | I79: =VLOOKUP($A79,Sheet1!$E:$I,4,0) -> TBC | J79: =VLOOKUP($A79,Sheet1!$E:$I,5,0) -> PT
A80: HC430 | B80: Community Health and Health Promotion | C80: Y2 | D80: Feb | E80: HDHC | G80: =G79 -> 20 | H80: =H79 -> 10 | I80: =VLOOKUP($A80,Sheet1!$E:$I,4,0) -> TBC | J80: =VLOOKUP($A80,Sheet1!$E:$I,5,0) -> PT
A81: HC426 | B81: Human Anatomy, Physiology and Pathophysiology | C81: Y2 | D81: Feb | E81: HDHC | G81: =G80 -> 20 | H81: =H80 -> 10 | I81: =VLOOKUP($A81,Sheet1!$E:$I,4,0) -> TBC | J81: =VLOOKUP($A81,Sheet1!$E:$I,5,0) -> PT
A82: HC431 | B82: Policies and Advocacies in Health Settings | C82: Y2 | D82: Sep | E82: HDHC | G82: =G81 -> 20 | H82: =H81 -> 10 | I82: =VLOOKUP($A82,Sheet1!$E:$I,4,0) -> TBC | J82: =VLOOKUP($A82,Sheet1!$E:$I,5,0) -> PT
A83: HC424 | B83: Visit and Practicum | C83: Y2 | D83: Jun | E83: HDHC | G83: =G82 -> 20 | H83: =H82 -> 10 | I83: =VLOOKUP($A83,Sheet1!$E:$I,4,0) -> TBC | J83: =VLOOKUP($A83,Sheet1!$E:$I,5,0) -> PT
... A146: UWLCFI7 | B146: Drugs and Crime in Criminal Justice | C146: Y3 | D146: Feb | E146: UWLCFI | G146: =G145 -> 20 | H146: =H145 -> 10 | I146: =VLOOKUP($A146,Sheet1!$E:$I,4,0) -> TBC | J146: =VLOOKUP($A146,Sheet1!$E:$I,5,0) -> PT

Sheet Sheet1
A1: Programme | B1: Stream | C1: Semester | D1: Module Year | E1: Module Code | F1: Module Name | G1: Mode (N/D/S) | H1: Proposed Teacher | I1: FT/PT | J1: Combined
A2: HD | C2: Sep | D2: Y1 | E2: HD401 | F2: Introduction to Academic English (CEF) | G2: D | H2: Mr Ray Leung | I2: PT
A3: HD | C3: Sep | D3: Y1 | E3: HD401_N | F3: Introduction to Academic English (CEF) | G3: N | H3: Mr Richard Ng | I3: PT
A4: HD | C4: Sep | D4: Y2 | E4: HD404 | F4: Professional Ethics | G4: D | H4: Mr Walter Chan | I4: FT
A5: HD | C5: Sep | D5: Y2 | E5: HD404_N | F5: Professional Ethics | G5: N | H5: Mr Walter Chan | I5: FT
A6: HD | C6: Feb | D6: Y1 | E6: HD402 | F6: Practical Chinese (CEF) | G6: N | H6: Mr Alan Ho | I6: FT
A7: HD | C7: Feb | D7: Y1 | E7: HD402_N | F7: Practical Chinese (CEF) | G7: D | H7: Mr Chris Chau | I7: FT
A8: HD | C8: Feb | D8: Y2 | E8: HD403 | F8: Project Skills | G8: D | H8: Mr Walter Chan | I8: FT
A9: HD | C9: Feb | D9: Y2 | E9: HD403_N | F9: Project Skills | G9: N | H9: Mr Walter Chan | I9: FT
A10: HD | C10: Feb | D10: Y2 | E10: HD405 | F10: English for Communication in Workplace | G10: D | H10: Mr Richard Cheng | I10: PT
A11: HD | C11: Feb | D11: Y2 | E11: HD405_N | F11: English for Communication in Workplace | G11: N | H11: Mr Ray Leung | I11: PT
A12: HDC | C12: Sep | D12: Y1 | E12: CS402 | F12: Programming Principles | G12: D | H12: Mr. Mike Wong | I12: FT
A13: HDC | C13: Sep | D13: Y1 | E13: CS402_N | F13: Programming Principles | G13: N | H13: Mr. Vito Chung | I13: PT
... A18: HDEE | C18: Sep | D18: Y1 | E18: EE409 | F18: Engineering Mathematics | G18: D | H18: Dr Kenneth So | I18: FT
A19: HDC | B19: Cyber Security | C19: Feb | D19: Y1 | E19: CS403 | F19: Introduction to Networks and Computer Security | G19: N | H19: Mr. Yuman Chau | I19: PT | J19: 1
A20: HDC | B20: Information Systems | C20: Feb | D20: Y1 | E20: CS426 | F20: Data Communications | G20: N | H20: Mr. Yuman Chau | I20: PT | J20: 1
A21: HDC | B21: Artificial Intelligence | C21: Feb | D21: Y1 | E21: CS425 | F21: Systems Engineering and Project Management | G21: N | H21: Mr. Gary Chan
A22: HDC | C22: Feb | D22: Y1 | E22: CS404 | F22: Database Systems | G22: D | H22: Mr. Mike Wong | I22: FT | J22: 9
A23: HDC | C23: Feb | D23: Y1 | E23: CS404_N | F23: Database Systems | G23: N | H23: Mr. Vito Chung | I23: PT
A24: HDC | C24: Feb | D24: Y1 | E24: CS405 | F24: Data Structures and Algorithms | G24: D | H24: Mr. Mike Wong | I24: FT
A25: HDC | C25: Feb | D25: Y1 | E25: CS405_N | F25: Data Structures and Algorithms | G25: N | H25: Mr. Vito Chung | I25: PT
A26: HDEE | C26: Feb | D26: Y1 | E26: EE402 | F26: Circuit Analysis | G26: D | H26: Dr Kenneth So | I26: FT
A27: HDEE | C27: Feb | D27: Y1 | E27: EE410 | F27: Energy and Power | G27: D | H27: Dr Kenneth So | I27: FT
A28: HDEE | C28: Jun | D28: Y2 | E28: EE406 | F28: Occupation Safety and Site Supervision | G28: D | H28: TBC | I28: PT
A29: HDC | C29: Sep | D29: Y2 | E29: CS401 | F29: Computational Theory | G29: N | H29: Mr. Mike Wong | I29: FT
A30: HDC | B30: Cyber Security | C30: Sep | D30: Y2 | E30: CS407 | F30: Applied Cryptography | G30: N | H30: Mr. Ben Wong | I30: PT
A31: HDC | B31: Information Systems | C31: Sep | D31: Y2 | E31: CS420 | F31: Programming Language Paradigms | G31: N | H31: TBC | I31: PT
A32: HDC | B32: Cyber Security,Information Systems | C32: Sep | D32: Y2 | E32: CS408 | F32: Artificial Intelligence | G32: N | H32: Dr HK Ng | I32: FT | J32: 8
A33: HDC | B33: Artificial Intelligence | C33: Sep | D33: Y2 | E33: CS423 | F33: Cloud, Distributed Architecture | G33: N | H33: TBC | I33: PT
A34: HDC | B34: Artificial Intelligence | C34: Sep | D34: Y2 | E34: CS422 | F34: Fundamental of Machine Learning | G34: N | H34: Dr Jonathan Lee | I34: PT
A35: HDEE | C35: Sep | D35: Y1 | E35: CS408_EE | F35: Artificial Intelligence | G35: N | H35: Dr HK Ng | I35: FT | J35: 8
A36: HDEE | C36: Sep | D36: Y2 | E36: EE401 | F36: Analogue and Digital Electronics | G36: D | H36: TBC | I36: PT
A37: HDEE | C37: Sep | D37: Y2 | E37: EE404 | F37: Electrical Installations | G37: D | H37: TBC | I37: PT
A38: HDC | B38: Cyber Security | C38: Feb | D38: Y2 | E38: CS406 | F38: Web and Mobile Application Security | G38: N | H38: Mr. Eric Moy | I38: PT
A39: HDC | B39: Cyber Security | C39: Feb | D39: Y2 | E39: CS417 | F39: Introduction to Ethical Hacking Skills | G39: N | H39: Mr. Eric Moy | I39: PT
A40: HDC | B40: Information Systems | C40: Feb | D40: Y2 | E40: CS414 | F40: Internet and Mobile App Development | G40: N | H40: Dr HK Ng | I40: PT
A41: HDC | B41: Information Systems | C41: Feb | D41: Y2 | E41: CS421 | F41: Advanced Algorithms | G41: N | H41: TBC | I41: PT
A42: HDC | B42: Artificial Intelligence | C42: Feb | D42: Y2 | E42: CS424 | F42: Secure Software Development | G42: N | H42: Mr. Ben Wong | I42: PT
A43: HDC | B43: Artificial Intelligence | C43: Feb | D43: Y2 | E43: CS427 | F43: Machine Learning | G43: N | H43: Dr HK Ng | I43: FT
A44: HDEE | C44: Feb | D44: Y1 | E44: EE405 | F44: Transformers and Electrical Machines | H44: TBC | I44: PT
A45: HDEE | C45: Feb | D45: Y1 | E45: CS404_EE | F45: Database Systems | G45: D | H45: Mr. Mike Wong | I45: FT | J45: 9
A46: HDEE | C46: Feb | D46: Y1 | E46: EE411 | F46: Engineering Projects | H46: TBC | I46: PT
A47: HDEE | C47: Jun | D47: Y1 | E47: EE408 | F47: CAD & BIM | H47: TBC | I47: PT
A48: HDEE | C48: Jun | D48: Y2 | E48: EE407 | F48: Practical Electrical Training | H48: TBC | I48: PT
A49: HDBA | C49: Sep | D49: Y1 | E49: BS401 | F49: Marketing | G49: D | H49: Ms. Nicola Chow | I49: FT
A50: HDBA | C50: Sep | D50: Y1 | E50: BS402 | F50: Leadership | G50: N | H50: Mr. Anderson Chui | I50: PT
A51: HDBA | C51: Sep | D51: Y1 | E51: BS403 | F51: Management of Organisational Behaviour | G51: D | H51: Mr. Newman Lo | I51: PT
A52: HDBA | C52: Sep | D52: Y2 | E52: BS404 | F52: Accounting | G52: N | H52: TBC | I52: PT
A53: HDBA | C53: Sep | D53: Y2 | E53: BS405 | F53: Management | G53: N | H53: Dr Alphaeus Tam | I53: FT
A54: HDBA | B54: Management | C54: Sep | D54: Y2 | E54: BS412 | F54: Business Planning | G54: N | H54: Mr. Newman Lo | I54: PT
A55: HDBA | C55: Feb | D55: Y1 | E55: GS420 | F55: Sustainable Business | G55: D | H55: Dr Alphaeus Tam | I55: FT
A56: HDBA | C56: Feb | D56: Y1 | E56: BS406 | F56: Economics | G56: N | H56: Dr Alphaeus Tam | I56: FT
A57: HDBA | B57: Management | C57: Feb | D57: Y1 | E57: BS414 | F57: Human Resources Management | G57: N | H57: Mr. Anderson Chui | I57: PT
A58: HDBA | B58: Management | C58: Feb | D58: Y2 | E58: BS418 | F58: Contemporary Business Issues | G58: N | H58: Mr. Newman Lo | I58: PT
A59: HDBA | B59: Management | C59: Feb | D59: Y2 | E59: BS419 | F59: Business Negotiation | G59: D | H59: Ms Nicola Chow | I59: FT
A60: HDHC | C60: Sep | D60: Y1 | E60: HC420 | F60: Introduction to Health and Wellbeing and Services for the Elderly and Persons with Disabilities (HW1) | G60: D | H60: Mr. Philip Chan | I60: FT
A61: HDHC | C61: Sep | D61: Y1 | E61: HC421 | F61: Understanding of Body System, Common Chronic Conditions and Basic Nursing Care (HW2) | G61: D | H61: TBC | I61: PT
A62: HDHC | C62: Sep | D62: Y1 | E62: HC427 | F62: Introduction to Health Assessment | G62: D | H62: TBC | I62: PT
A63: HDHC | C63: Sep | D63: Y2 | E63: HC429 | F63: Rehabilitation Principles and Designing Exercise Training Activities | G63: D | H63: TBC | I63: PT
A64: HDHC | C64: Sep | D64: Y2 | E64: HC425 | F64: Application of Multimedia in Health Promotion | G64: D | H64: TBC | I64: PT
A65: HDHC | C65: Feb | D65: Y1 | E65: HC422 | F65: Psychological and Mental Conditions Care (HW3) | G65: D | H65: TBC | I65: PT
A66: HDHC | C66: Feb | D66: Y1 | E66: HC423 | F66: Advanced Nursing Care and Basic Operation (HW4) | G66: D | H66: Mr. Philip Chan | I66: FT
A67: HDHC | C67: Feb | D67: Y1 | E67: HC428 | F67: Mental Health and Wellbeing Across the Lifespan | G67: D | H67: TBC | I67: PT
A68: HDHC | C68: Feb | D68: Y2 | E68: HC430 | F68: Community Health and Health Promotion | G68: D | H68: TBC | I68: PT
A69: HDHC | C69: Feb | D69: Y2 | E69: HC426 | F69: Human Anatomy, Physiology and Pathophysiology | G69: D | H69: TBC | I69: PT
A70: HDHC | C70: Feb | D70: Y2 | E70: HC431 | F70: Policies and Advocacies in Health Settings | G70: D | H70: TBC | I70: PT
A71: HDHC | C71: Jun | E71: HC424 | F71: Visit and Practicum | G71: D | H71: TBC | I71: PT
A73: Programme | C73: Semester | E73: Module Code | F73: Module Name | G73: Mode (N/D/S) | H73: Proposed Teacher | I73: FT/PT
A74: UWLCS | C74: Sep | D74: Y3 | E74: CP6CS46E | F74: Project | G74: N | H74: Dr Ada Zheng | I74: FT | J74: 2
A75: UWLC | C75: Sep | D75: Y3 | E75: CP6CS46E | F75: Project | G75: N | H75: Dr Ada Zheng | I75: FT | J75: 2
A76: UWLCS | C76: Sep | D76: Y3 | E76: CP60057E | F76: Machine Learning | G76: N | H76: Dr Jonathan Lee | I76: PT | J76: 3
A77: UWLC | C77: Sep | D77: Y3 | E77: CP60057E | F77: Machine Learning | G77: N | H77: Dr Jonathan Lee | I77: PT | J77: 3
A78: UWLCS | C78: Sep | D78: Y3 | E78: CP60041E | F78: Advanced Topics in Cyber Security | G78: N | H78: Mr. Patrick Tsang | I78: PT
A79: UWLCS | C79: Feb | D79: Y3 | E79: CP6CS46E | F79: Project | G79: N | H79: Dr Ada Zheng | I79: FT | J79: 4
A80: UWLC | C80: Feb | D80: Y3 | E80: CP6CS46E | F80: Project | G80: N | H80: Dr Ada Zheng | I80: FT | J80: 4
A81: UWLCS | C81: Feb | D81: Y3 | E81: CP60042E | F81: Enterprise Security Management | G81: N | H81: Mr. Sam Mang | I81: PT
A82: UWLCS | C82: Feb | D82: Y3 | E82: CP6HK61E | F82: Cyber Crime | G82: N | H82: Mr. Russel Lo | I82: PT
A83: UWLC | C83: Sep | D83: Y3 | E83: CP6HK19E | F83: Applied Software Engineering | G83: N | H83: Mr. Sam Mang | I83: PT
A84: UWLC | C84: Feb | D84: Y3 | E84: CP6HK60E | F84: Distributed Systems | G84: N | H84: Mr. Russel Lo | I84: PT
A85: UWLC | C85: Feb | D85: Y3 | E85: CP6HK50E | F85: Databases and Analytics | G85: N | H85: TBC | I85: PT
A86: WUCS | C86: Sep | D86: Y3 | E86: COM646 | F86: Project | G86: N | H86: Dr Ada Zheng | I86: FT | J86: 2
A87: WUCS | C87: Feb | D87: Y3 | E87: COM646 | F87: Project | G87: N | H87: Dr Ada Zheng | I87: FT | J87: 4
A88: WUCS | C88: Sep | D88: Y3 | E88: COM661 | F88: Deep Learning Implementation | G88: N | H88: Dr HK Ng | I88: FT
A89: WUCS | C89: Sep | D89: Y3 | E89: COM658 | F89: Cryptography and Defensive Systems | G89: N | H89: Mr. Yuman Chau | I89: PT
A90: WUCS | C90: Feb | D90: Y3 | E90: COM664 | F90: Data Analysis and Visualisation | G90: N | H90: Mr. Russel Lo | I90: PT
A91: WUCS | C91: Feb | D91: Y3 | E91: COM659 | F91: Emerfent Technologies | G91: N | H91: Dr HK Ng | I91: FT
A92: WUAFM | C92: Sep | D92: Y3 | E92: BUS688 | F92: Advanced Financial Management | G92: N | H92: Dr Monica Cheung | I92: PT
A93: WUBM | C93: Sep | D93: Y3 | E93: BUS692 | F93: Dissertation | G93: N | H93: Dr Alphaeus Tam | I93: FT | J93: 5
A94: WUAFM | C94: Sep | D94: Y3 | E94: BUS692 | F94: Dissertation | G94: N | H94: Dr Alphaeus Tam | I94: FT | J94: 5
A95: WUBM | C95: Sep | D95: Y3 | E95: BUS699 | F95: Strategic Management | G95: N | H95: Mr Newman Lo | I95: PT | J95: 6
A96: WUAFM | C96: Sep | D96: Y3 | E96: BUS699 | F96: Strategic Management | G96: N | H96: Mr Newman Lo | I96: PT | J96: 6
A97: WUAFM | C97: Sep | D97: Y3 | E97: AF-01 | F97: Accounting and Finance Skills Top Up Course | G97: N | H97: Dr Monica Cheung | I97: PT
A98: WUAFM | C98: Feb | D98: Y3 | E98: BUS689 | F98: Audit and Assurance | G98: N | H98: Dr Monica Cheung | I98: PT
A99: WUBM | C99: Feb | D99: Y3 | E99: BUS692 | F99: Dissertation | G99: N | H99: Dr Alphaeus Tam | I99: FT | J99: 7
A100: WWUAFM | C100: Feb | D100: Y3 | E100: BUS692 | F100: Dissertation | G100: N | H100: Dr Alphaeus Tam | I100: FT | J100: 7
A101: WUAFM | C101: Feb | D101: Y3 | E101: BUS694 | F101: Financial Reporting and Analysis | G101: N | H101: Dr Monica Cheung | I101: PT
A102: WUBM | C102: Sep | D102: Y3 | E102: BUS693 | F102: Employment Law | G102: N | H102: Ms Nicola Chow | I102: FT
A103: WUBM | C103: Feb | D103: Y3 | E103: BUS698 | F103: Managing People in an | G103: N | H103: Dr Alphaeus Tam | I103: FT
F104: International Context
A105: WUBM | C105: Feb | D105: Y3 | E105: BUS6A1 | F105: Strategic Marketing | G105: N | H105: Ms Nicola Chow | I105: FT
...
